Ticker,Event_Date,Reason_For_Recall,P_Safety,P_Trust,P_ContinueBuying,P_Recommend,CAR_Tight,CAR_Wide,CAR_Delayed,Pred_CAR_Tight,Pred_CAR_Wide,Pred_CAR_Delayed,Resid_Tight,Resid_Wide,Resid_Delayed,Event_Label
HYMLF,2023-09-27,**000270.KS** South Korean automakers Kia and Hyundai announce the recall of 3.4 million vehicles in the US over fire risks.,33.666666666666664,34.5,50.16666666666666,7.7,-1.0544637777838246,-1.0479267131499224,-0.0229727326684873,-0.0058584752847112,-0.0140616647522176,0.0213072330652176,-1.048605302499113,-1.0338650483977048,-0.0442799657337049,HYMLF — 2023-09-27 — **000270.KS** South Korean automakers Kia and Hyundai announce the recall of 3.4 million vehicles in the US over fire risks.
MCD,2020-10-01,"**DIS** McDonald's and Disney announce the recall of all Mickey & Minnie's Runaway Railway toys due to a QR code error, which removed tickets to Walt Disney World.",93.83333333333331,73.0,88.0,74.0,0.0142168865116409,-0.0099534256100756,-0.0964700039045178,0.0034347806346502,0.0099372199824347,-0.0488685567276193,0.0107821058769906,-0.0198906455925103,-0.0476014471768985,"MCD — 2020-10-01 — **DIS** McDonald's and Disney announce the recall of all Mickey & Minnie's Runaway Railway toys due to a QR code error, which removed tickets to Walt Disney World."
SBUX,2023-02-20,"300,000 bottles of Starbucks bottled Frappuccinos (distributed by PepsiCo PEP) are recalled due to possibly containing pieces of glass.",64.33333333333333,62.43333333333333,70.66666666666667,49.833333333333336,-0.0014667802989828,-0.0148559033686215,-0.0165799062201346,0.0039561463457358,-0.0008662026862417,-0.0034793807387609,-0.0054229266447186,-0.0139897006823797,-0.0131005254813736,"SBUX — 2023-02-20 — 300,000 bottles of Starbucks bottled Frappuccinos (distributed by PepsiCo PEP) are recalled due to possibly containing pieces of glass."
NSRGY,2021-01-01,"700,000 Hot Pockets (a Nestlé brand) are recalled due to reports of bits of glass and plastic found in the pockets.",53.833333333333336,49.0,64.33333333333333,21.366666666666667,-0.0023472173584597,-0.0436312890233353,-0.081784230030774,-0.0026101504853263,0.0049421972722472,0.0066243313474649,0.0002629331268666,-0.0485734862955826,-0.0884085613782389,"NSRGY — 2021-01-01 — 700,000 Hot Pockets (a Nestlé brand) are recalled due to reports of bits of glass and plastic found in the pockets."
MLX,2025-09-25,AMTRADING recalls Hoovy Cooling Gel Insert Pads for Car Seats and Strollers Due to Burn Hazard.,38.0,44.833333333333336,48.833333333333336,6.633333333333334,0.0019538424392886,-0.0076987129966192,-0.0098109368423578,-0.0021001452771554,-0.0018942062778184,0.0266597968890298,0.004053987716444,-0.0058045067188008,-0.0364707337313877,MLX — 2025-09-25 — AMTRADING recalls Hoovy Cooling Gel Insert Pads for Car Seats and Strollers Due to Burn Hazard.
ABT,2010-09-23,"Abbott Laboratories issues a voluntary recall of up to 5 million containers of Similac infant formula after finding small common beetles in the product, which could cause gastrointestinal discomfort.",48.0,52.0,36.73333333333333,9.833333333333334,-0.0120173169263542,-0.0024823424347584,-0.0821691695163937,-0.0019971787041801,-0.0021370247865612,-0.0026241980289006,-0.010020138222174,-0.0003453176481971,-0.0795449714874931,"ABT — 2010-09-23 — Abbott Laboratories issues a voluntary recall of up to 5 million containers of Similac infant formula after finding small common beetles in the product, which could cause gastrointestinal discomfort."
ABT,2022-03-01,"Abbott Laboratories voluntarily recalls powder formulas manufactured at one plant due to possible contamination, following reports of illness.",47.16666666666666,50.833333333333336,49.36666666666667,18.2,-0.0171286788748511,0.0036670691629155,-0.0280856787020113,-0.0008037362759615,-0.0031271564010376,0.0089379084617038,-0.0163249425988895,0.0067942255639532,-0.0370235871637152,"ABT — 2022-03-01 — Abbott Laboratories voluntarily recalls powder formulas manufactured at one plant due to possible contamination, following reports of illness."
ACI,2025-07-21,"Albertsons Companies stores in Arkansas, Louisiana, Oklahoma and Texas voluntarily recalls select items containing tuna salad from Reser’s Fine Foods due to an ingredient recall linked to possible Listeria monocytogenes contamination.",63.1,68.93333333333334,70.33333333333333,30.666666666666668,0.0148581660537345,-0.0792880786415222,-0.0769070725807016,0.0059099770653629,0.0235822454188573,0.0196093234024015,0.0089481889883716,-0.1028703240603795,-0.0965163959831031,"ACI — 2025-07-21 — Albertsons Companies stores in Arkansas, Louisiana, Oklahoma and Texas voluntarily recalls select items containing tuna salad from Reser’s Fine Foods due to an ingredient recall linked to possible Listeria monocytogenes contamination."
MLX,2024-05-19,Alliance4Safety and 33 Furniture Companies recall millions of plastic New Age Furniture Tip-over Restraint Kits due to tip-over and entrapment hazards to children.,29.33333333333333,29.83333333333333,39.5,3.3666666666666667,-0.0045830376916553,-0.0113802296989847,-0.0427695540428598,-0.0079430926944224,-0.0235601778273441,0.0131331006941958,0.0033600550027671,0.0121799481283593,-0.0559026547370557,MLX — 2024-05-19 — Alliance4Safety and 33 Furniture Companies recall millions of plastic New Age Furniture Tip-over Restraint Kits due to tip-over and entrapment hazards to children.
AAPL,2006-08-01,"Apple Computer recalls 1.8 million notebook computer batteries, manufactured by Sony, following Dell's similar recall due to overheating and fire risks.",57.16666666666666,57.833333333333336,72.5,51.333333333333336,0.0401117778728645,0.0142128281928364,0.0401138299711766,0.0040802351209032,-0.008558002109961,0.0079554394080086,0.0360315427519613,0.0227708303027974,0.0321583905631679,"AAPL — 2006-08-01 — Apple Computer recalls 1.8 million notebook computer batteries, manufactured by Sony, following Dell's similar recall due to overheating and fire risks."
AAPL,2011-11-01,Apple Inc. announces a recall of all first generation iPod Nanos sold between September 2005 and December 2006 due to the battery overheating and posing a fire risk.,67.1,74.83333333333333,80.0,72.33333333333333,0.0179940766522466,-0.0141594927730208,-0.0186732358607043,0.0120429328412243,-0.0029572566823264,0.0103769326598179,0.0059511438110222,-0.0112022360906944,-0.0290501685205222,AAPL — 2011-11-01 — Apple Inc. announces a recall of all first generation iPod Nanos sold between September 2005 and December 2006 due to the battery overheating and posing a fire risk.
BDX,2025-05-23,BD issues correction for Esophagogastric Balloon Tamponade Tube.,50.833333333333336,60.16666666666666,60.0,29.866666666666667,-0.005233397047242,-0.0392790759916191,-0.0403404153499825,0.0045353667615123,0.0035632664927368,0.0226674439960239,-0.0097687638087543,-0.042842342484356,-0.0630078593460065,BDX — 2025-05-23 — BD issues correction for Esophagogastric Balloon Tamponade Tube.
BYDDY,2025-10-17,"BYD Auto recalls 44,535 BYD Tang (2015-2017) and 71,248 BYD Yuan Pro (2021-2022) due to design defects and safety risks related to batteries.",38.833333333333336,31.83333333333333,37.333333333333336,15.233333333333333,-0.0197929344224845,-0.0293371055155862,-0.0592373947449466,-0.0089340624653229,-0.0307854664416265,-0.0155163588981506,-0.0108588719571615,0.0014483609260403,-0.0437210358467959,"BYDDY — 2025-10-17 — BYD Auto recalls 44,535 BYD Tang (2015-2017) and 71,248 BYD Yuan Pro (2021-2022) due to design defects and safety risks related to batteries."
BYDDY,2024-09-01,"BYD Auto recalls nearly 97,000 Dolphin and Yuan Plus electric vehicles manufactured in China between November 2022 and December 2023 due to a manufacturing defect related to the steering control unit, which could pose fire risks.",40.0,33.5,34.166666666666664,9.4,0.0417908207072733,0.0552895651089277,0.0934437139715324,-0.0091660964296062,-0.025133896200165,-0.0165837969034527,0.0509569171368795,0.0804234613090928,0.1100275108749851,"BYDDY — 2024-09-01 — BYD Auto recalls nearly 97,000 Dolphin and Yuan Plus electric vehicles manufactured in China between November 2022 and December 2023 due to a manufacturing defect related to the steering control unit, which could pose fire risks."
COST,2025-07-21,"Bestway, Intex, and Polygroup recall certain Above-Ground Pools 48 Inches and Taller due to drowning hazard, with nine deaths reported and five million pools sold since 2002.",55.16666666666666,60.333333333333336,68.66666666666667,13.3,-0.014893334581438,-0.0583985353489165,-0.0090280885608479,0.0023067686653822,0.0276118773875806,0.0315704492955867,-0.0172001032468202,-0.0860104127364972,-0.0405985378564347,"COST — 2025-07-21 — Bestway, Intex, and Polygroup recall certain Above-Ground Pools 48 Inches and Taller due to drowning hazard, with nine deaths reported and five million pools sold since 2002."
MLX,2025-09-11,Blueroot Health recalls Bottles of Bariatric Fusion Iron Multivitamins Due to Risk of Serious Injury or Death from Child Poisoning; Violates Mandatory Standard for Child-Resistant Packaging; Manufactured by VitaQuest International.,18.3,18.23333333333333,28.933333333333334,1.9666666666666663,-0.0109865990168551,-0.0230183714992613,-0.0192077678304779,-0.0112185025759906,-0.0454725936045839,0.0085164579651054,0.0002319035591354,0.0224542221053225,-0.0277242257955834,MLX — 2025-09-11 — Blueroot Health recalls Bottles of Bariatric Fusion Iron Multivitamins Due to Risk of Serious Injury or Death from Child Poisoning; Violates Mandatory Standard for Child-Resistant Packaging; Manufactured by VitaQuest International.
MLX,2024-02-22,"Brassica Pharma Pvt. Ltd. issues voluntary nationwide recall of Equate Lubricant Eye Ointment, Equate Stye Lubricant Eye Ointment, CVS Health Lubricant Eye Ointment, and Lubricant PM Ointment due to potential lack of sterility.",45.833333333333336,55.16666666666666,58.66666666666666,7.266666666666667,-0.0227350316866077,-0.0134167778342582,-0.0268178981394786,0.0014082313320284,0.017703528726761,0.0364830236054479,-0.0241432630186361,-0.0311203065610192,-0.0633009217449266,"MLX — 2024-02-22 — Brassica Pharma Pvt. Ltd. issues voluntary nationwide recall of Equate Lubricant Eye Ointment, Equate Stye Lubricant Eye Ointment, CVS Health Lubricant Eye Ointment, and Lubricant PM Ointment due to potential lack of sterility."
MLX,2024-01-17,Brightfarms recalls Spinach and Salad Kits because of possible health risk as a result of supplier Element Farms Recall.,50.66666666666666,62.333333333333336,63.5,19.23333333333333,0.0005429764568376,-0.0177780742002002,-0.0524377613814889,0.0049482690062134,0.0184352584894956,0.0364192563803502,-0.0044052925493757,-0.0362133326896959,-0.0888570177618392,MLX — 2024-01-17 — Brightfarms recalls Spinach and Salad Kits because of possible health risk as a result of supplier Element Farms Recall.
SYNA,2016-04-01,"CRF Frozen Foods (distributed by various retailers, including publicly traded ones) recalls over 400 frozen food products due to a listeria outbreak that sickened 8 people.",45.16666666666666,38.66666666666666,51.03333333333333,5.6,-0.0032298978233378,0.0677200764632587,-0.1461392887673386,-0.0074401726746939,-0.0026021051302596,0.0022327010107925,0.0042102748513561,0.0703221815935183,-0.1483719897781311,"SYNA — 2016-04-01 — CRF Frozen Foods (distributed by various retailers, including publicly traded ones) recalls over 400 frozen food products due to a listeria outbreak that sickened 8 people."
MDLZ,2006-06-24,"Cadbury-Schweppes (now part of Mondelēz International, but Cadbury was separate at the time) announces a salmonella scare, leading to the recall of millions of chocolate bars from stores across Ireland and the UK.",54.16666666666666,41.0,67.16666666666667,18.73333333333333,-0.0035435432628238,-0.0278415161678372,0.0533075905190567,-0.0068688696142364,0.0016329377123065,-0.002529598630773,0.0033253263514126,-0.0294744538801437,0.0558371891498298,"MDLZ — 2006-06-24 — Cadbury-Schweppes (now part of Mondelēz International, but Cadbury was separate at the time) announces a salmonella scare, leading to the recall of millions of chocolate bars from stores across Ireland and the UK."
GM,2018-07-24,"Cadillac (a brand of General Motors) issues a recall on all Cadillac CT6 vehicles manufactured between September 4, 2015, and September 21, 2017, due to excess adhesive interfering with lower LATCH child restraint anchors, recommending seat belt use until repaired.",64.83333333333333,62.0,70.66666666666667,44.833333333333336,-0.0600247045084207,-0.0489940701234533,-0.0552562568689701,0.0031270529816506,0.0037863289237546,-0.00286995189784,-0.0631517574900714,-0.052780399047208,-0.05238630497113,"GM — 2018-07-24 — Cadillac (a brand of General Motors) issues a recall on all Cadillac CT6 vehicles manufactured between September 4, 2015, and September 21, 2017, due to excess adhesive interfering with lower LATCH child restraint anchors, recommending seat belt use until repaired."
CRI,2010-03-01,"Carter's, Inc. recalls infant clothing and zippers due to a choking hazard.",56.0,60.66666666666666,65.66666666666667,30.03333333333333,0.0246414563477167,-0.000496702473155,0.0068760079451946,0.0035470903578104,0.009887130111805,0.0178313789792181,0.0210943659899063,-0.01038383258496,-0.0109553710340235,"CRI — 2010-03-01 — Carter's, Inc. recalls infant clothing and zippers due to a choking hazard."
CSIOY,2007-03-01,"Casio recalls about 12,000 units of electronic keyboards due to overheating problems causing a fire hazard.",52.16666666666666,61.66666666666666,60.66666666666666,14.7,0.0084362969649129,0.0336685510735158,-0.0505399085681229,0.0035574476680194,0.0208601000450054,0.0304385651453965,0.0048788492968935,0.0128084510285104,-0.0809784737135195,"CSIOY — 2007-03-01 — Casio recalls about 12,000 units of electronic keyboards due to overheating problems causing a fire hazard."
CSIOY,2006-11-01,"Casio recalls more than 20,000 notebook computer batteries, manufactured by Sony, due to overheating and fire risks.",42.5,42.0,57.66666666666666,12.866666666666667,0.0076879760631817,0.1916209034378775,0.1614582295619171,-0.0038429766669876,-0.0029052631447862,0.018799702263249,0.0115309527301693,0.1945261665826637,0.1426585272986681,"CSIOY — 2006-11-01 — Casio recalls more than 20,000 notebook computer batteries, manufactured by Sony, due to overheating and fire risks."
KMB,2020-10-01,Certain lots of Cottonelle-branded flushable wipes (a Kimberly-Clark product) are recalled due to contamination with Pluralibacter gergoviae.,72.0,65.83333333333333,73.5,49.0,0.0034928422582697,-0.0182187751596381,-0.1144167357981738,0.0034093520313283,0.0083886028929388,-0.0126519974265505,8.349022694138439e-05,-0.026607378052577,-0.1017647383716232,KMB — 2020-10-01 — Certain lots of Cottonelle-branded flushable wipes (a Kimberly-Clark product) are recalled due to contamination with Pluralibacter gergoviae.
MLX,2025-07-16,Chetak LLC Group (supplier to various food companies) recalls product because of possible health risk.,43.833333333333336,42.16666666666666,53.333333333333336,12.2,-0.0046111266115058,-0.0124790847175935,-0.0294931766320627,-0.0044982296549481,-0.0045234524951723,0.01076691110534,-0.0001128969565577,-0.0079556322224211,-0.0402600877374028,MLX — 2025-07-16 — Chetak LLC Group (supplier to various food companies) recalls product because of possible health risk.
CL,2023-02-08,Colgate-Palmolive recalls nearly 5 million bottles of Fabuloso multi-purpose cleaner due to a risk of bacterial growth.,53.5,55.5,69.5,16.6,-0.0068285400702355,-0.0064775441071227,0.011289014750824,0.0007029463275209,0.0194765736462101,0.0270209413371868,-0.0075314863977565,-0.0259541177533329,-0.0157319265863628,CL — 2023-02-08 — Colgate-Palmolive recalls nearly 5 million bottles of Fabuloso multi-purpose cleaner due to a risk of bacterial growth.
CAG,2016-07-15,"ConAgra recalls 200,000 pounds of frozen P. F. Chang's meals due to metal fragments.",49.16666666666666,46.0,60.833333333333336,11.3,-0.0092003963797353,-0.0339965462941945,-0.0332299248871083,-0.0038179207363283,0.0074854733114778,0.0138488797335503,-0.005382475643407,-0.0414820196056724,-0.0470788046206586,"CAG — 2016-07-15 — ConAgra recalls 200,000 pounds of frozen P. F. Chang's meals due to metal fragments."
CAG,2023-02-01,Conagra Brands issues a major recall of nearly 2.6 million pounds of canned meat and poultry due to a packaging defect that may cause food contamination.,37.66666666666666,37.0,48.16666666666666,9.266666666666667,-0.0589825857127584,-0.0201100832838756,0.0276081394201952,-0.0058047596120833,-0.0128530513841019,0.0123746453966169,-0.0531778261006751,-0.0072570318997737,0.0152334940235783,CAG — 2023-02-01 — Conagra Brands issues a major recall of nearly 2.6 million pounds of canned meat and poultry due to a packaging defect that may cause food contamination.
COO,2025-06-25,Cook recalls Beacon Tip Angiographic Catheters.,54.66666666666666,56.833333333333336,53.5,17.166666666666668,-0.0162962914747343,0.0052741413385988,-0.0513949742271641,9.237481240075354e-05,0.009735361629838,0.0061826893879511,-0.016388666287135,-0.0044612202912392,-0.0575776636151152,COO — 2025-06-25 — Cook recalls Beacon Tip Angiographic Catheters.
COST,2022-06-01,"Costco recalls 400,000 solar-powered umbrellas after the lithium-ion batteries would overheat and ignite.",59.333333333333336,72.03333333333333,77.16666666666667,62.16666666666666,0.0328879449081782,0.030955194998247,0.1555507214040242,0.0119330962365576,-0.0009178368532799,0.0263862547594367,0.0209548486716206,0.0318730318515269,0.1291644666445875,"COST — 2022-06-01 — Costco recalls 400,000 solar-powered umbrellas after the lithium-ion batteries would overheat and ignite."
COST,2023-08-17,Costco recalls Ubio Labs Power Banks due to fire hazard after one caught fire on a commercial flight.,64.16666666666667,72.56666666666666,76.0,60.5,-0.008940120003801,-0.0352664746739849,0.0672006957996502,0.0104808436977411,0.0024005271388949,0.0148544950221349,-0.0194209637015422,-0.0376670018128798,0.0523462007775153,COST — 2023-08-17 — Costco recalls Ubio Labs Power Banks due to fire hazard after one caught fire on a commercial flight.
MLX,2025-02-27,"Costway recalls Babyjoy High Chairs due to entrapment and suffocation hazards, violating federal standards for high chairs and inclined sleepers.",28.0,17.566666666666666,29.866666666666667,3.1,-0.000125615259526,0.0460145174221109,0.0950160553951811,-0.0144155934154531,-0.0426639133915142,-0.0157013722010894,0.0142899781559271,0.0886784308136251,0.1107174275962705,"MLX — 2025-02-27 — Costway recalls Babyjoy High Chairs due to entrapment and suffocation hazards, violating federal standards for high chairs and inclined sleepers."
DANOY,2018-12-10,Danone North America recalls its Light & Fit Greek Crunch S'mores flavor yogurt due to an undeclared allergy alert.,80.33333333333333,67.16666666666667,73.33333333333333,32.333333333333336,0.000381917586922,0.0409253719836956,-0.0173940291729387,-1.6902740119437154e-05,0.0292529384379881,-0.0225323875640628,0.0003988203270415,0.0116724335457074,0.005138358391124,DANOY — 2018-12-10 — Danone North America recalls its Light & Fit Greek Crunch S'mores flavor yogurt due to an undeclared allergy alert.
MLX,2025-08-22,Defibtech RMU-2000 ARM XR Chest Compression Device recalled.,38.0,51.333333333333336,34.36666666666667,3.3,-0.006915877799521,-0.0019096199832108,-0.0418232547057103,3.5316294079146965e-05,-0.0021074394551612,0.0210933116002715,-0.0069511940936002,0.0001978194719503,-0.0629165663059819,MLX — 2025-08-22 — Defibtech RMU-2000 ARM XR Chest Compression Device recalled.
DIS,2019-07-08,"Disney Store recalls all Forky 11-inch plush toys because the googly eyes could detach, causing a choking hazard.",77.5,74.33333333333333,77.33333333333333,72.66666666666667,0.002013032079757,0.0133957982132318,-0.0339388430362648,0.0084204031441613,-0.0013900557422982,-0.0193462185702195,-0.0064073710644043,0.0147858539555301,-0.0145926244660452,"DIS — 2019-07-08 — Disney Store recalls all Forky 11-inch plush toys because the googly eyes could detach, causing a choking hazard."
DOLE,2021-12-27,"Dole plc recalls its packaged salad processed in the company's Bessemer City, North Carolina, and Yuma, Arizona, production facilities due to possible Listeria monocytogenes contamination.",51.833333333333336,51.16666666666666,59.16666666666666,15.466666666666669,-0.0273608651305937,-0.0479625139025874,0.2226854728719403,-0.0017305837122309,0.0084974386130689,0.0116661262870791,-0.0256302814183628,-0.0564599525156564,0.2110193465848611,"DOLE — 2021-12-27 — Dole plc recalls its packaged salad processed in the company's Bessemer City, North Carolina, and Yuma, Arizona, production facilities due to possible Listeria monocytogenes contamination."
DHI,2025-07-31,Dorel Home Furnishings recalls Cosco 2-Step Kitchen Steppers due to fall and injury hazards.,58.0,60.0,66.0,29.53333333333333,0.0424652295604606,0.0692685565162661,0.1173451600593596,0.0025595968503884,0.0107525580247733,0.0125133983302183,0.0399056327100721,0.0585159984914928,0.1048317617291413,DHI — 2025-07-31 — Dorel Home Furnishings recalls Cosco 2-Step Kitchen Steppers due to fall and injury hazards.
MLX,2025-08-14,Drinkmate recalls 1-Liter Carbonation Bottles due to serious impact and laceration hazards.,42.333333333333336,41.333333333333336,48.333333333333336,10.2,-0.0006360345864682,0.0029173745403827,-0.0301265823137673,-0.0049453082022972,-0.0074431775773606,0.0078564400632701,0.004309273615829,0.0103605521177434,-0.0379830223770374,MLX — 2025-08-14 — Drinkmate recalls 1-Liter Carbonation Bottles due to serious impact and laceration hazards.
EW,2025-07-24,Edwards Lifesciences removes Arterial Cannula due to risk of wire exposure.,38.5,59.5,43.2,14.2,0.0364867945621604,0.0318274154288511,0.017511154419769,0.005582765743838,0.0016487817092255,0.0387863892530442,0.0309040288183223,0.0301786337196256,-0.0212752348332752,EW — 2025-07-24 — Edwards Lifesciences removes Arterial Cannula due to risk of wire exposure.
MLX,2025-09-03,Endico Potatoes Inc. recalls 2.5lb Bags of Frozen “Peas And Carrots” and “Mixed Vegetables” Because of Possible Health Risk.,67.66666666666667,58.16666666666666,71.66666666666667,18.73333333333333,-0.006524280100822,-0.0078952647610249,-0.0295239686666755,-0.002012428693045,0.0272863068769067,-0.0015842711328173,-0.004511851407777,-0.0351815716379317,-0.0279396975338581,MLX — 2025-09-03 — Endico Potatoes Inc. recalls 2.5lb Bags of Frozen “Peas And Carrots” and “Mixed Vegetables” Because of Possible Health Risk.
EXAC,2023-03-23,Exactech joint replacement devices with defective packaging are subject to recall.,42.833333333333336,35.666666666666664,41.9,8.466666666666667,0.0078388877892336,-0.0340873589053978,-0.0401492732503218,-0.0085494349037218,-0.015605520708845,-0.0098370476561314,0.0163883226929555,-0.0184818381965528,-0.0303122255941903,EXAC — 2023-03-23 — Exactech joint replacement devices with defective packaging are subject to recall.
AVNS,2022-05-01,FDA recalls Avanos Medical's Cortrak 2 Enteral Access System based on reports of 60 injuries and 23 patient deaths due to nasoenteric or nasogastric tube misplacements.,4.766666666666667,2.9,2.333333333333333,1.0,-0.0028163168834318,-0.1317340551642795,-0.0539568394945907,-0.0165693282120053,-0.0835492897384726,-0.0163156420260844,0.0137530113285735,-0.0481847654258068,-0.0376411974685062,AVNS — 2022-05-01 — FDA recalls Avanos Medical's Cortrak 2 Enteral Access System based on reports of 60 injuries and 23 patient deaths due to nasoenteric or nasogastric tube misplacements.
MAT,2010-09-01,"Fisher-Price (a subsidiary of Mattel) recalls 10 million products, marking it as one of the largest toy recalls in history.",35.666666666666664,35.333333333333336,59.0,14.433333333333334,-0.0015288569666664,-0.014177802749302,0.0306669877174553,-0.0049039121998735,-0.0129268117597898,0.0253530785711583,0.003375055233207,-0.0012509909895122,0.0053139091462969,"MAT — 2010-09-01 — Fisher-Price (a subsidiary of Mattel) recalls 10 million products, marking it as one of the largest toy recalls in history."
F,2019-12-13,Ford Motor Company recalls all 2017-2019 Super Duty Super-Crew Pick-ups due to fire concerns.,56.93333333333333,63.16666666666666,69.5,37.833333333333336,0.0149341154233241,0.0246715657944975,-0.065563447199334,0.0054754466412982,0.0077724129302857,0.0204725595304817,0.0094586687820258,0.0168991528642118,-0.0860360067298157,F — 2019-12-13 — Ford Motor Company recalls all 2017-2019 Super Duty Super-Crew Pick-ups due to fire concerns.
F,2005-06-01,"Ford Motor Company recalls hundreds of thousands of 2004–2005 Super Duty, Excursion, and Econoline models due to engine stalls linked to faulty wirings on 6.0L Powerstroke Diesel engines.",53.333333333333336,60.0,64.0,34.5,0.015686847003094,0.0103881599031013,0.0745953035183595,0.0043369732267772,0.0026364576600648,0.0188991176736162,0.0113498737763168,0.0077517022430365,0.0556961858447432,"F — 2005-06-01 — Ford Motor Company recalls hundreds of thousands of 2004–2005 Super Duty, Excursion, and Econoline models due to engine stalls linked to faulty wirings on 6.0L Powerstroke Diesel engines."
F,2007-03-01,Ford Motor Company recalls new 2008 Super Duty diesel versions after reports of tailpipe fires.,60.333333333333336,60.333333333333336,68.16666666666667,39.0,-0.0157193254117929,-0.0087550178781298,0.0031801362389182,0.0029932894374996,0.0042784642998582,0.0052359081118135,-0.0187126148492926,-0.013033482177988,-0.0020557718728953,F — 2007-03-01 — Ford Motor Company recalls new 2008 Super Duty diesel versions after reports of tailpipe fires.
F,2017-01-16,"Ford South Africa announces a safety recall affecting 4,556 Ford Kuga vehicles, following a series of fires.",38.66666666666666,44.333333333333336,52.2,17.6,0.0009475904714416,-0.0073853756817514,-0.0344573745425917,-0.0013651925730095,-0.0105142048548552,0.0228077639557834,0.0023127830444512,0.0031288291731037,-0.0572651384983752,"F — 2017-01-16 — Ford South Africa announces a safety recall affecting 4,556 Ford Kuga vehicles, following a series of fires."
MLX,2025-05-10,"Fresh & Ready Foods (supplier to various food companies) voluntarily recalls ready-to-eat sandwiches and snack items sold in Arizona, California, Nevada, and Washington due to possible Listeria monocytogenes contamination.",50.66666666666666,53.333333333333336,51.66666666666666,8.233333333333333,-0.0390955028203242,-0.0622797672443321,-0.0341049507302334,-0.0013737025666383,0.0120900068350353,0.0124487299685639,-0.0377218002536859,-0.0743697740793675,-0.0465536806987974,"MLX — 2025-05-10 — Fresh & Ready Foods (supplier to various food companies) voluntarily recalls ready-to-eat sandwiches and snack items sold in Arizona, California, Nevada, and Washington due to possible Listeria monocytogenes contamination."
PEP,2023-08-06,"Frito-Lay (a subsidiary of PepsiCo) recalls 7,000 Doritos bags over undeclared soy and wheat allergen problems.",75.83333333333333,69.6,76.83333333333333,65.66666666666667,-0.0136771915479285,0.0020257317892544,-0.0186449709671668,0.0058547405011253,-0.0002871198918593,-0.0201434475675797,-0.0195319320490539,0.0023128516811137,0.0014984766004128,"PEP — 2023-08-06 — Frito-Lay (a subsidiary of PepsiCo) recalls 7,000 Doritos bags over undeclared soy and wheat allergen problems."
GIS,2019-09-16,"General Mills announces a recall of all 5 lb bags of Gold Medal Unbleached All Purpose Flour with a ""better if used by"" date of September 6, 2020, reminding consumers not to consume raw flour due to potential Salmonella Dublin contamination.",72.66666666666667,74.23333333333333,77.5,64.5,0.0186053267232811,-0.0156299771989554,-0.0875968239623705,0.0091438871273845,0.004634913378943,-0.0033350772767938,0.0094614395958966,-0.0202648905778984,-0.0842617466855767,"GIS — 2019-09-16 — General Mills announces a recall of all 5 lb bags of Gold Medal Unbleached All Purpose Flour with a ""better if used by"" date of September 6, 2020, reminding consumers not to consume raw flour due to potential Salmonella Dublin contamination."
GIS,2016-05-31,"General Mills recalls flour that sickened people with pathogenic E. coli, eventually reaching 45 million pounds.",34.333333333333336,29.0,50.0,6.366666666666666,0.0003640675588912,0.0084549372606372,0.1142635694092664,-0.0090088673194895,-0.0180771508450343,0.011071965336122,0.0093729348783808,0.0265320881056716,0.1031916040731443,"GIS — 2016-05-31 — General Mills recalls flour that sickened people with pathogenic E. coli, eventually reaching 45 million pounds."
GM,2016-09-09,"General Motors recalls over 4 million vehicles (Buick, Chevrolet, GMC, and Cadillac brands) after an airbag software defect kills one person and injures three.",43.333333333333336,35.333333333333336,59.0,26.366666666666667,-0.0093995615206858,-0.0062718255409618,0.0292508064832045,-0.0062086912688216,-0.0214635895035741,0.0005428987345395,-0.0031908702518642,0.0151917639626122,0.028707907748665,"GM — 2016-09-09 — General Motors recalls over 4 million vehicles (Buick, Chevrolet, GMC, and Cadillac brands) after an airbag software defect kills one person and injures three."
GM,2014-02-01,General Motors recalls over a dozen vehicles due to faulty ignition switches in a widespread and highly publicized recall.,39.16666666666666,27.666666666666668,54.66666666666666,17.766666666666666,-0.0058078632684425,-0.0561711636154791,-0.0561361201523676,-0.009876637916544,-0.0253652791715884,-0.0029402476545873,0.0040687746481015,-0.0308058844438907,-0.0531958724977803,GM — 2014-02-01 — General Motors recalls over a dozen vehicles due to faulty ignition switches in a widespread and highly publicized recall.
NSRGY,2007-07-13,"Gerber (subsidiary of Nestlé) recalls Organic Rice Cereal and Organic Oatmeal Cereal after a parent found approximately 30 hard chunks, some a half-inch long, in the product.",62.5,51.0,62.833333333333336,23.73333333333333,-0.0256260035409862,-0.0011863076533111,0.125541898405183,-0.0041600623147126,0.0071100006074672,-0.014321678646813,-0.0214659412262735,-0.0082963082607784,0.1398635770519961,"NSRGY — 2007-07-13 — Gerber (subsidiary of Nestlé) recalls Organic Rice Cereal and Organic Oatmeal Cereal after a parent found approximately 30 hard chunks, some a half-inch long, in the product."
MLX,2023-10-23,Gills Onions (supplier to various food companies) voluntarily recalls select lots of fresh diced onion products because of possible health risk.,56.5,57.66666666666666,59.0,16.1,0.0070050613904637,0.047850136403032,-0.0878372608871292,0.0001892050864987,0.0161273350658309,0.0104623350070709,0.0068158563039649,0.0317228013372011,-0.0982995958942002,MLX — 2023-10-23 — Gills Onions (supplier to various food companies) voluntarily recalls select lots of fresh diced onion products because of possible health risk.
GCO,2014-12-01,"Graco (a brand of Newell Brands, NWL) recalls 4.7 million strollers due to the risk of laceration and amputation hazards.",30.83333333333333,29.5,41.333333333333336,4.233333333333333,0.0062755890981314,-0.1137313439383074,-0.026922973576075,-0.0083891660267315,-0.0228699167349306,0.0107566050317972,0.0146647551248629,-0.0908614272033767,-0.0376795786078723,"GCO — 2014-12-01 — Graco (a brand of Newell Brands, NWL) recalls 4.7 million strollers due to the risk of laceration and amputation hazards."
MLX,2018-12-10,"Hiland Dairy (distributed by various retailers, including publicly traded ones) recalls its half-gallon Whole Chocolate Milk for an allergy alert.",76.6,65.66666666666667,75.33333333333333,31.566666666666663,0.0219143109395771,0.0904420589987395,-0.0004706036934748,0.0004301359998744,0.0283667670956259,-0.0130082384382963,0.0214841749397027,0.0620752919031136,0.0125376347448214,"MLX — 2018-12-10 — Hiland Dairy (distributed by various retailers, including publicly traded ones) recalls its half-gallon Whole Chocolate Milk for an allergy alert."
HTHIY,2006-10-01,"Hitachi recalls 16,000 notebook computer batteries, manufactured by Sony, due to overheating and fire risks.",43.0,51.5,60.333333333333336,19.2,0.0007240458947785,-0.0078520121994296,-0.0202889354531921,0.0015953397791777,0.0024004445186363,0.0333495163303369,-0.0008712938843991,-0.0102524567180659,-0.053638451783529,"HTHIY — 2006-10-01 — Hitachi recalls 16,000 notebook computer batteries, manufactured by Sony, due to overheating and fire risks."
HMC,2021-12-03,"Honda Motor Company issues a major recall of 789,000 SUVs and pickup trucks (2019 Passports, 2016-2019 Pilots, 2017-2020 Ridgeline pickups) because the hood could open by itself while the car was in motion, heightening accident risk.",63.16666666666666,64.16666666666667,67.33333333333333,38.833333333333336,0.0042555964458382,0.0194483532382532,0.0756411418475344,0.0040063292553037,0.0088335867973661,0.0036884806127041,0.0002492671905345,0.010614766440887,0.0719526612348303,"HMC — 2021-12-03 — Honda Motor Company issues a major recall of 789,000 SUVs and pickup trucks (2019 Passports, 2016-2019 Pilots, 2017-2020 Ridgeline pickups) because the hood could open by itself while the car was in motion, heightening accident risk."
HMC,2007-09-01,"Honda Motor Company issues a recall of 182,756 2006–2007 Honda Civic sedans and coupes for faulty wheel bearings.",73.83333333333333,74.46666666666667,77.66666666666667,74.33333333333333,0.0278863630229456,-0.0077555275459021,-0.0335915980372638,0.0097997255005979,-0.004143747225344,-0.0106011799857779,0.0180866375223476,-0.0036117803205581,-0.0229904180514858,"HMC — 2007-09-01 — Honda Motor Company issues a recall of 182,756 2006–2007 Honda Civic sedans and coupes for faulty wheel bearings."
HMC,2011-02-01,"Honda Motor Company issues a voluntary safety recall of 700,000 cars due to an improperly placed spring inside the engine which could cause the engine to stall.",65.43333333333334,72.5,73.5,59.833333333333336,0.0144588143048548,0.0133043173494513,-0.1104748880742212,0.0098393958387904,0.0017821752971916,0.0088796485005109,0.0046194184660643,0.0115221420522596,-0.1193545365747322,"HMC — 2011-02-01 — Honda Motor Company issues a voluntary safety recall of 700,000 cars due to an improperly placed spring inside the engine which could cause the engine to stall."
HMC,2023-03-28,"Honda issues a major recall of more than 330,000 vehicles due to a mirror issue that did not comply with rear visibility requirements.",70.53333333333333,70.7,74.33333333333333,63.16666666666666,0.0194442067506003,0.0293344692920208,0.0095826451547617,0.007685777430446,-0.0006204057936894,-0.0072138976150363,0.0117584293201542,0.0299548750857103,0.016796542769798,"HMC — 2023-03-28 — Honda issues a major recall of more than 330,000 vehicles due to a mirror issue that did not comply with rear visibility requirements."
HMC,2013-03-01,"Honda recalls 183,000 vehicles due to concerns that they could brake unexpectedly from a fault in their electronic stability control systems; a further 381,000 vehicles were recalled later for the same issue.",61.1,63.0,71.0,48.333333333333336,0.0091607106058699,0.015245831145248,0.0264670225967166,0.0051360151624387,7.83928539987988e-05,0.0065347932087302,0.0040246954434312,0.0151674382912492,0.0199322293879864,"HMC — 2013-03-01 — Honda recalls 183,000 vehicles due to concerns that they could brake unexpectedly from a fault in their electronic stability control systems; a further 381,000 vehicles were recalled later for the same issue."
WHR,2015-11-01,"Hotpoint and Indesit (brands of Whirlpool) begin alerting customers who purchased tumble dryers between 2004 and 2015 due to the risk of fluff and lint building up around the heating element, posing a severe fire hazard.",39.5,49.333333333333336,54.5,18.9,-0.0208307502898201,0.0065673043877543,-0.0665138690747558,0.0011909242194764,-0.0048897353870517,0.0312229112956459,-0.0220216745092966,0.011457039774806,-0.0977367803704017,"WHR — 2015-11-01 — Hotpoint and Indesit (brands of Whirlpool) begin alerting customers who purchased tumble dryers between 2004 and 2015 due to the risk of fluff and lint building up around the heating element, posing a severe fire hazard."
HUI,2022-08-01,"Huffy Corporation issues a recall for thousands of its Blue's Clues & You! ride-on toys after multiple children were injured, with affected units sold at Walmart stores nationwide.",42.16666666666666,38.66666666666666,49.66666666666666,7.6,-0.0047222804046793,-0.0550097331002926,0.0520990454828822,-0.0064103839733821,-0.0067107769980448,0.0068446157708971,0.0016881035687027,-0.0482989561022477,0.0452544297119851,"HUI — 2022-08-01 — Huffy Corporation issues a recall for thousands of its Blue's Clues & You! ride-on toys after multiple children were injured, with affected units sold at Walmart stores nationwide."
HSQVY,2024-02-08,Husqvarna recalls grass trimmers due to fire hazard.,52.5,53.833333333333336,63.333333333333336,23.066666666666663,-0.0360025618269808,-0.077759112847053,0.068749449796288,0.0003682582772471,0.0068644882138742,0.0157504098850711,-0.0363708201042279,-0.0846236010609273,0.0529990399112168,HSQVY — 2024-02-08 — Husqvarna recalls grass trimmers due to fire hazard.
HYMLF,2021-05-01,"Hyundai Motor Company recalls Elantra, Kona, and Veloster models with a 2.0-liter engine to address a potential issue with piston rings that could lead to increased oil consumption, knocking sounds, engine seizing, and stalling.",44.5,56.333333333333336,54.333333333333336,17.966666666666665,0.0111249535602999,-0.0005989277794556,-0.0195666597566881,0.0031210982028869,0.0049023442147744,0.0308277932154935,0.008003855357413,-0.0055012719942301,-0.0503944529721817,"HYMLF — 2021-05-01 — Hyundai Motor Company recalls Elantra, Kona, and Veloster models with a 2.0-liter engine to address a potential issue with piston rings that could lead to increased oil consumption, knocking sounds, engine seizing, and stalling."
LNVGY,2006-09-01,"IBM/Lenovo recalls 500,000 notebook computer batteries, manufactured by Sony, due to overheating and fire risks.",42.66666666666666,42.333333333333336,60.833333333333336,22.73333333333333,-0.0081301535716673,-0.0596022325523519,0.0264336059700702,-0.0026381656372587,-0.0099625329668465,0.0178562966542793,-0.0054919879344085,-0.0496396995855053,0.0085773093157909,"LNVGY — 2006-09-01 — IBM/Lenovo recalls 500,000 notebook computer batteries, manufactured by Sony, due to overheating and fire risks."
MLX,2025-09-18,IcyBreeze Cooling recalls Portable Misting Fans due to fire hazard.,40.16666666666666,38.5,47.5,7.133333333333334,-0.0087043698954476,-0.0031752668750311,-0.0199133084181885,-0.0060487907826681,-0.008720949123917,0.008999249890348,-0.0026555791127795,0.0055456822488859,-0.0289125583085365,MLX — 2025-09-18 — IcyBreeze Cooling recalls Portable Misting Fans due to fire hazard.
STLA,2023-03-30,"Jeep (a brand of Stellantis) recalls over 57,000 of its Jeep Wranglers over an unnecessary part that could cause a fuel leak and fire.",59.16666666666666,55.0,68.5,39.333333333333336,-0.0006556645079949,-0.0098593671642628,-0.0249410717149879,0.0006794693499106,-0.0015988943124505,-0.0004716023179518,-0.0013351338579056,-0.0082604728518122,-0.0244694693970361,"STLA — 2023-03-30 — Jeep (a brand of Stellantis) recalls over 57,000 of its Jeep Wranglers over an unnecessary part that could cause a fuel leak and fire."
SJM,2022-05-01,Jif Peanut Butter products (Smucker's) are recalled in Canada and USA following the discovery of possible Salmonella contamination.,48.333333333333336,54.5,63.0,11.166666666666666,-0.0063439554984403,0.0819618475453128,0.0485395501664583,0.0009083024643972,0.017223933823915,0.0326774650412831,-0.0072522579628375,0.0647379137213978,0.0158620851251752,SJM — 2022-05-01 — Jif Peanut Butter products (Smucker's) are recalled in Canada and USA following the discovery of possible Salmonella contamination.
JNJ,2021-07-01,"Johnson & Johnson issues a major recall on its Aveeno and Neutrogena sunscreen products after independent testing found them contaminated with benzene, a cancer-causing chemical.",32.666666666666664,32.0,32.56666666666667,9.166666666666666,0.0158813187373443,0.0127495716702089,0.0197386092887602,-0.0077722332715606,-0.0304743976017807,-0.0030124232226706,0.0236535520089049,0.0432239692719897,0.0227510325114309,"JNJ — 2021-07-01 — Johnson & Johnson issues a major recall on its Aveeno and Neutrogena sunscreen products after independent testing found them contaminated with benzene, a cancer-causing chemical."
JNJ,2010-05-01,Johnson & Johnson recalls 43 over-the-counter children's medicines made by its subsidiary McNeil Consumer Healthcare due to manufacturing issues.,51.66666666666666,41.5,64.66666666666667,34.56666666666667,0.0228195525028653,0.0264272596049377,-0.0465578150686627,-0.0045576580510088,-0.016057087373375,-0.0067686531858711,0.0273772105538742,0.0424843469783128,-0.0397891618827916,JNJ — 2010-05-01 — Johnson & Johnson recalls 43 over-the-counter children's medicines made by its subsidiary McNeil Consumer Healthcare due to manufacturing issues.
K,2010-06-01,"Kellogg issues a voluntary recall of select packages of Corn Pops, Honey Smacks, Froot Loops, and Apple Jacks cereals due to ""an uncharacteristic waxy-like taste and smell"" from an unnamed substance in the package liners.",73.66666666666667,69.43333333333334,72.5,43.833333333333336,0.0288979698021421,0.0348983422238367,-0.0509779799303904,0.0042035413962256,0.0170042867531672,-0.0093948198865328,0.0246944284059164,0.0178940554706694,-0.0415831600438576,"K — 2010-06-01 — Kellogg issues a voluntary recall of select packages of Corn Pops, Honey Smacks, Froot Loops, and Apple Jacks cereals due to ""an uncharacteristic waxy-like taste and smell"" from an unnamed substance in the package liners."
K,2018-07-21,Kellogg's recalls boxes of Honey Smacks due to 73 cases of salmonella contamination.,45.333333333333336,39.16666666666666,47.66666666666666,5.733333333333333,0.0026874334719182,0.0124134207603345,0.0061860808638665,-0.0074306564491664,-0.0044791995673393,-0.0016043996180861,0.0101180899210847,0.0168926203276739,0.0077904804819526,K — 2018-07-21 — Kellogg's recalls boxes of Honey Smacks due to 73 cases of salmonella contamination.
K,2013-02-01,"Kellogg's recalls over 30,000 boxes of Special K Red Berries cereal due to glass fragments.",58.0,59.0,64.16666666666667,20.73333333333333,-0.0063415014110901,-0.0033116980168086,0.0432158624706292,0.0011402520258341,0.0170885344950918,0.0130642825518764,-0.0074817534369243,-0.0204002325119005,0.0301515799187528,"K — 2013-02-01 — Kellogg's recalls over 30,000 boxes of Special K Red Berries cereal due to glass fragments."
K,2016-09-19,"Kellogg's voluntarily recalls 10,000 cases of Nutri-Grain Whole Wheat Waffles due to listeria concerns.",65.66666666666667,68.33333333333333,68.66666666666667,41.66666666666666,-0.0090378800934268,-0.0184932023412816,-0.0147669671557527,0.0056975105427766,0.0121446559809973,0.0046726429212496,-0.0147353906362034,-0.030637858322279,-0.0194396100770024,"K — 2016-09-19 — Kellogg's voluntarily recalls 10,000 cases of Nutri-Grain Whole Wheat Waffles due to listeria concerns."
K,2016-09-18,"Koffee Kup Bakery (distributed by various retailers, including publicly traded ones) recalls 99,000 bread products after consumers reported clear plastic pieces in some products.",62.66666666666666,53.16666666666666,67.0,18.933333333333334,-0.0090378800934268,-0.0184932023412816,-0.0147669671557527,-0.003282530627685,0.0168808937498115,-0.0035259534061994,-0.0057553494657418,-0.0353740960910931,-0.0112410137495533,"K — 2016-09-18 — Koffee Kup Bakery (distributed by various retailers, including publicly traded ones) recalls 99,000 bread products after consumers reported clear plastic pieces in some products."
KHC,2016-10-10,Kraft Heinz recalls Lunchables Ham and Cheese Stackers products due to misbranding and undeclared allergens.,71.16666666666667,59.5,71.83333333333333,38.23333333333333,0.0084136796662601,0.0206240268218795,-0.0650701749335689,-0.0006456146297929,0.0111132284717726,-0.0176590501594813,0.0090592942960531,0.0095107983501069,-0.0474111247740875,KHC — 2016-10-10 — Kraft Heinz recalls Lunchables Ham and Cheese Stackers products due to misbranding and undeclared allergens.
MLX,2025-07-24,LED Gloves recalled due to risk of serious injury or death from battery ingestion; violates mandatory toy standard and child resistant coin battery packaging standard; sold on Amazon by Minongad.,14.7,6.4,12.866666666666667,1.7,-0.0124844383724693,-0.0067942685212547,-0.0149128758826776,-0.0171590658959089,-0.0694834686465728,-0.022065733574605,0.0046746275234395,0.062689200125318,0.0071528576919273,MLX — 2025-07-24 — LED Gloves recalled due to risk of serious injury or death from battery ingestion; violates mandatory toy standard and child resistant coin battery packaging standard; sold on Amazon by Minongad.
LNVGY,2007-02-01,"Lenovo and Sanyo recall 200,000 notebook computer batteries due to overheating and fire risks.",45.66666666666666,47.0,59.5,24.1,0.0665695868629536,-0.0009500070918014,-0.134155639188033,-0.0011428525262146,-0.0063506532034635,0.0158743426802084,0.0677124393891683,0.005400646111662,-0.1500299818682415,"LNVGY — 2007-02-01 — Lenovo and Sanyo recall 200,000 notebook computer batteries due to overheating and fire risks."
MLX,2025-02-27,Luv n' care recalls Nuby Stroller Fans due to laceration injury hazard.,47.66666666666666,55.833333333333336,57.0,10.8,-0.000125615259526,0.0460145174221109,0.0950160553951811,0.0013963912409629,0.0145174051474563,0.0292314754962593,-0.0015220065004889,0.0314971122746546,0.0657845798989217,MLX — 2025-02-27 — Luv n' care recalls Nuby Stroller Fans due to laceration injury hazard.
MLX,2022-07-29,Lyons Magnus (supplier to various food companies) voluntarily recalls 53 nutritional and beverage products due to the potential for microbial contamination.,44.333333333333336,37.333333333333336,51.333333333333336,6.133333333333334,-0.023518014652565,-0.0447040811620881,-0.0067760450808747,-0.0077962475731378,-0.0045817868938145,0.0021696403405255,-0.0157217670794272,-0.0401222942682736,-0.0089456854214002,MLX — 2022-07-29 — Lyons Magnus (supplier to various food companies) voluntarily recalls 53 nutritional and beverage products due to the potential for microbial contamination.
MLX,2024-06-20,MM Products recalls JoyJolt™ Declan Glass Coffee Mugs due to burn and laceration hazards.,44.66666666666666,48.16666666666666,54.16666666666666,8.766666666666667,0.0015667347736263,-0.0090519616382841,0.0176111581087363,-0.0019486347798011,0.005709348615462,0.0214190423118581,0.0035153695534274,-0.0147613102537462,-0.0038078842031218,MLX — 2024-06-20 — MM Products recalls JoyJolt™ Declan Glass Coffee Mugs due to burn and laceration hazards.
MAT,2007-11-01,"Marvel Toys (a division of Mattel at the time) recalls about 175,000 Curious George 12-inch plush dolls with plastic faces due to lead exposure and poisoning risks.",37.0,37.16666666666666,50.16666666666666,7.7,0.0154452304295805,-0.0067628031608218,-0.0114147377102106,-0.0055312977177298,-0.0100549378226043,0.0175640146243828,0.0209765281473104,0.0032921346617824,-0.0289787523345935,"MAT — 2007-11-01 — Marvel Toys (a division of Mattel at the time) recalls about 175,000 Curious George 12-inch plush dolls with plastic faces due to lead exposure and poisoning risks."
WHR,2010-06-01,"Maytag (a brand of Whirlpool) recalls about 1.7 million dishwashers, including Maytag, Jenn-Air, and Magic Chef brands, due to electrical failure and fire hazards.",51.66666666666666,42.0,57.5,27.566666666666663,-0.0046133631358391,-0.0351084192138114,-0.0383637095308095,-0.0053742086010287,-0.0136483304102665,-0.0112918802722781,0.0007608454651895,-0.0214600888035449,-0.0270718292585314,"WHR — 2010-06-01 — Maytag (a brand of Whirlpool) recalls about 1.7 million dishwashers, including Maytag, Jenn-Air, and Magic Chef brands, due to electrical failure and fire hazards."
MZDAY,2017-06-22,"Mazda North American Operations issues a recall for 227,814 Mazda 3s and Mazda 6s after finding problems with their parking brake calipers.",70.33333333333333,66.83333333333333,72.16666666666667,35.333333333333336,0.0159336789560619,0.0145371549514561,0.1224740787028695,0.0031215225133429,0.0211323221067732,-0.0016273018144731,0.0128121564427189,-0.0065951671553171,0.1241013805173426,"MZDAY — 2017-06-22 — Mazda North American Operations issues a recall for 227,814 Mazda 3s and Mazda 6s after finding problems with their parking brake calipers."
MCD,2014-11-01,"McDonald's recalls 2.3 million Hello Kitty birthday-themed plastic figure Happy Meal toys, specifically a toy whistle, due to a choking hazard.",68.16666666666667,65.0,77.16666666666667,59.0,0.0028721616655402,0.0002591312811476,-0.0292968906768797,0.0053039734334563,-0.0012400861625569,-0.0051934414931459,-0.002431811767916,0.0014992174437045,-0.0241034491837337,"MCD — 2014-11-01 — McDonald's recalls 2.3 million Hello Kitty birthday-themed plastic figure Happy Meal toys, specifically a toy whistle, due to a choking hazard."
MCD,2010-06-01,McDonald's recalls Shrek Forever After drinking glasses due to risks of cadmium poisoning from the glass's paint.,48.333333333333336,61.66666666666666,73.16666666666667,56.0,0.0124071948700108,0.0271147710268548,0.049765653134318,0.0092495677111836,-0.0124265338524222,0.0343185925101569,0.0031576271588271,0.0395413048792771,0.015447060624161,MCD — 2010-06-01 — McDonald's recalls Shrek Forever After drinking glasses due to risks of cadmium poisoning from the glass's paint.
MCD,2016-08-01,McDonald's recalls over 30 million of the Happy Meal Fitness Activity Tracker bands due to risks of skin irritation and burns.,60.333333333333336,61.833333333333336,73.16666666666667,58.333333333333336,-0.0083884592922686,-0.0335810276102024,0.0009990791735884,0.0058147614800838,-0.0096673535387922,0.0040844297886573,-0.0142032207723524,-0.0239136740714102,-0.0030853506150689,MCD — 2016-08-01 — McDonald's recalls over 30 million of the Happy Meal Fitness Activity Tracker bands due to risks of skin irritation and burns.
JNJ,2011-06-28,"McNeil Consumer Healthcare (a division of Johnson & Johnson) recalls one product lot of Tylenol Extra Strength Caplets (225-count bottles, Lot # ABA619) due to a musty, moldy odor linked to trace amounts of 2,4,6-Tribromoanisole (TBA).",67.0,64.83333333333333,69.33333333333333,51.16666666666666,-0.0113073537212935,-0.0176779119422818,0.0593059956849045,0.0043930555186473,0.0003872956037007,-0.0083711537254837,-0.0157004092399409,-0.0180652075459825,0.0676771494103882,"JNJ — 2011-06-28 — McNeil Consumer Healthcare (a division of Johnson & Johnson) recalls one product lot of Tylenol Extra Strength Caplets (225-count bottles, Lot # ABA619) due to a musty, moldy odor linked to trace amounts of 2,4,6-Tribromoanisole (TBA)."
MDT,2024-05-30,"Medline Industries recalls 1.5 million adult portable bed rails due to serious entrapment and asphyxia hazards, reporting two deaths.",22.9,23.4,31.53333333333333,2.6333333333333333,-0.0022735662042203,-0.0040752143920973,-0.1171463320017278,-0.0097871484764334,-0.0373290408579739,0.008698840590334,0.0075135822722131,0.0332538264658765,-0.1258451725920618,"MDT — 2024-05-30 — Medline Industries recalls 1.5 million adult portable bed rails due to serious entrapment and asphyxia hazards, reporting two deaths."
MDT,2024-09-05,Medtronic removes and updates IFU for McGrath MAC Laryngoscope due to recall.,62.16666666666666,64.33333333333333,69.16666666666667,38.66666666666666,0.0327269564345025,0.0195806751442216,-0.0666253034485768,0.0044997883336558,0.0100153090167239,0.0087720458853189,0.0282271681008467,0.0095653661274976,-0.0753973493338958,MDT — 2024-09-05 — Medtronic removes and updates IFU for McGrath MAC Laryngoscope due to recall.
MLX,2025-06-13,"Meijer (privately held, but products sold through public retailers) issues recall on Frederik’s Dark Chocolate Almonds due to presence of undeclared cashews.",75.93333333333334,67.0,75.33333333333333,40.16666666666666,-0.0019186999726259,-0.0034242210720736,-0.0632052561143763,0.0020967319205077,0.0210280231574696,-0.0135583207619895,-0.0040154318931336,-0.0244522442295432,-0.0496469353523867,"MLX — 2025-06-13 — Meijer (privately held, but products sold through public retailers) issues recall on Frederik’s Dark Chocolate Almonds due to presence of undeclared cashews."
MNA,2025-05-29,Minka Lighting recalls Vortic Flow Series Lights due to impact injury hazard.,55.0,56.5,60.833333333333336,20.566666666666663,0.000498695284777,-0.0127875417776089,-0.045305638027521,0.0005752460379074,0.01125639857883,0.0122072193240054,-7.655075313034443e-05,-0.024043940356439,-0.0575128573515264,MNA — 2025-05-29 — Minka Lighting recalls Vortic Flow Series Lights due to impact injury hazard.
TSN,2023-03-24,"More than 3,000 pounds of boneless beef chuck products, distributed to several states (likely from suppliers to Tyson Foods TSN), are recalled due to possible E. coli contamination.",58.833333333333336,56.93333333333333,65.83333333333333,21.666666666666668,0.0039219267390262,-0.0260570699538746,-0.1566399969996091,1.094991648151189e-05,0.0156037614137461,0.0092145197030321,0.0039109768225447,-0.0416608313676208,-0.1658545167026413,"TSN — 2023-03-24 — More than 3,000 pounds of boneless beef chuck products, distributed to several states (likely from suppliers to Tyson Foods TSN), are recalled due to possible E. coli contamination."
AMZN,2025-01-08,Multi-Purpose Children’s Helmets sold exclusively on Amazon.com by Wemfg are recalled due to risk of head injury and violation of federal regulations.,62.833333333333336,56.266666666666666,70.33333333333333,45.5,-0.0134798496215974,-0.0090234429711913,-0.0486288494101126,0.0008570631288033,-0.0036105837335115,-0.0082004239275851,-0.0143369127504007,-0.0054128592376798,-0.0404284254825275,AMZN — 2025-01-08 — Multi-Purpose Children’s Helmets sold exclusively on Amazon.com by Wemfg are recalled due to risk of head injury and violation of federal regulations.
TSN,2011-08-01,"National Beef (a subsidiary of Tyson Foods) recalls about 60,424 pounds of ground beef products contaminated with Escherichia coli O157:H7.",48.16666666666666,38.16666666666666,55.03333333333333,16.0,0.0144253186455904,0.0268887081277694,0.0507195684204371,-0.0074430976860767,-0.0092868427764212,-0.0062443388932389,0.0218684163316672,0.0361755509041906,0.056963907313676,"TSN — 2011-08-01 — National Beef (a subsidiary of Tyson Foods) recalls about 60,424 pounds of ground beef products contaminated with Escherichia coli O157:H7."
NSRGY,2011-05-01,Nestlé Philippines recalls two batches of Maggi beef and chicken noodles after reports of salmonella contamination.,48.0,52.66666666666666,66.16666666666667,26.6,0.0233233780041165,0.0047159753889249,0.0466442628358483,0.001663965711599,0.0023736543143341,0.0265445894958546,0.0216594122925175,0.0023423210745908,0.0200996733399937,NSRGY — 2011-05-01 — Nestlé Philippines recalls two batches of Maggi beef and chicken noodles after reports of salmonella contamination.
NSRGY,2009-06-01,"Nestlé recalls 300,000 packages of Toll House cookie dough due to possible E. coli contamination, which sickened several consumers who ate the dough raw.",43.16666666666666,47.66666666666666,59.833333333333336,15.666666666666666,-0.0170069482176207,-0.0534393660443404,0.0596074177984842,-0.0007667065836135,0.001759160743769,0.0277927128075121,-0.0162402416340071,-0.0551985267881094,0.031814704990972,"NSRGY — 2009-06-01 — Nestlé recalls 300,000 packages of Toll House cookie dough due to possible E. coli contamination, which sickened several consumers who ate the dough raw."
NSRGY,2007-04-01,"Nestlé voluntarily recalls ""Caramel KitKat Chunky"" and ""KitKat Cookie Dough Chocolate"" bars after bits of hard plastic were found in the chocolate.",73.33333333333333,71.0,77.0,60.833333333333336,0.0088689832551291,0.0163455672658633,-0.027645882227608,0.0069211298076234,0.0049238178449478,-0.0090553485114742,0.0019478534475056,0.0114217494209154,-0.0185905337161337,"NSRGY — 2007-04-01 — Nestlé voluntarily recalls ""Caramel KitKat Chunky"" and ""KitKat Cookie Dough Chocolate"" bars after bits of hard plastic were found in the chocolate."
NSRGY,2012-11-01,Nestlé's Nesquik powder is recalled due to salmonella risk.,61.5,64.0,72.0,43.333333333333336,-0.0193968066555241,-0.0004998490635058,0.0368713098000652,0.0051322318430766,0.0068034552351659,0.0109980985404559,-0.0245290384986007,-0.0073033042986718,0.0258732112596093,NSRGY — 2012-11-01 — Nestlé's Nesquik powder is recalled due to salmonella risk.
CVS,2012-10-01,New England Compounding Center (supplied by various public companies) recalls all its products due to contaminated medications causing a meningitis outbreak.,33.5,32.5,42.2,2.466666666666667,0.0061500718702672,0.0109118444609233,-0.002170836946883,-0.0077908630799271,-0.0164823398130206,0.0111701376586603,0.0139409349501944,0.0273941842739439,-0.0133409746055434,CVS — 2012-10-01 — New England Compounding Center (supplied by various public companies) recalls all its products due to contaminated medications causing a meningitis outbreak.
NTDOY,2006-12-01,"Nintendo voluntarily replaces 3.2 million straps attached to its new Wii game console controllers and recalls about 200,000 AC adapters for its DS and DS Lite handheld game machines globally due to strap failures.",73.76666666666667,74.36666666666666,79.43333333333334,62.66666666666666,0.0164271545999027,0.0416601580548023,0.1051696768222822,0.0088228234859556,0.008331503606004,-0.0024645304673788,0.0076043311139471,0.0333286544487983,0.1076342072896611,"NTDOY — 2006-12-01 — Nintendo voluntarily replaces 3.2 million straps attached to its new Wii game console controllers and recalls about 200,000 AC adapters for its DS and DS Lite handheld game machines globally due to strap failures."
NSANY,2016-09-11,"Nissan recalls 134,000 Maxima and Murano vehicles due to fire hazard.",55.0,58.5,64.33333333333333,34.666666666666664,0.0101467123526913,-0.0168404176191279,-0.0162877854439532,0.0030872789582637,0.001886537142041,0.0126806255496116,0.0070594333944276,-0.0187269547611689,-0.0289684109935648,"NSANY — 2016-09-11 — Nissan recalls 134,000 Maxima and Murano vehicles due to fire hazard."
NOK,2007-08-14,"Nokia recalls 46 million BL-5C batteries, manufactured by Matsushita Electric Corporation, after an investigation revealed faulty batteries could explode due to short circuits.",52.833333333333336,52.833333333333336,63.0,26.6,-0.0022167498446282,-0.0006818368316796,0.2038025597970927,5.230230635838717e-05,0.0023266514120346,0.011071362798079,-0.0022690521509866,-0.0030084882437142,0.1927311969990136,"NOK — 2007-08-14 — Nokia recalls 46 million BL-5C batteries, manufactured by Matsushita Electric Corporation, after an investigation revealed faulty batteries could explode due to short circuits."
ODP,2014-05-01,Office Depot recalls 1.4 million office chairs due to the risk of a fall hazard.,63.66666666666666,63.5,69.16666666666667,25.166666666666668,0.0524215774553168,0.2028404139674696,0.2590604884716021,0.0023867487589008,0.0229730572101069,0.0106066799020973,0.050034828696416,0.1798673567573627,0.2484538085695048,ODP — 2014-05-01 — Office Depot recalls 1.4 million office chairs due to the risk of a fall hazard.
MLX,2022-09-30,"Old Europe Cheese, Inc. (supplier to various food companies) issues a voluntary recall of its Brie and Camembert cheeses due to possible health risk.",45.333333333333336,51.66666666666666,58.0,8.666666666666666,0.0103092386996459,0.0024404052936004,-0.0566323678231736,-0.0001402806236774,0.0121931618969116,0.0303856333064802,0.0104495193233233,-0.0097527566033112,-0.0870180011296538,"MLX — 2022-09-30 — Old Europe Cheese, Inc. (supplier to various food companies) issues a voluntary recall of its Brie and Camembert cheeses due to possible health risk."
PG,2021-12-21,"P&G Co. issues a voluntary recall of a variety of aerosol haircare products, including dry shampoos and dry conditioners from Pantene, Aussie, and Herbal Essences, after benzene, a cancer-causing chemical, was detected.",46.66666666666666,52.16666666666666,57.0,25.83333333333333,-0.0047748134578372,0.0155478569631717,0.0840328740918444,0.0011915905458292,-0.0042122164376511,0.017966733875702,-0.0059664040036664,0.0197600734008228,0.0660661402161423,"PG — 2021-12-21 — P&G Co. issues a voluntary recall of a variety of aerosol haircare products, including dry shampoos and dry conditioners from Pantene, Aussie, and Herbal Essences, after benzene, a cancer-causing chemical, was detected."
MLX,2025-06-26,"Peg Perego recalls Tatamia 3-in-1 Recliners, Swings and High Chairs due to risk of suffocation; violations of multiple federal standards.",27.33333333333333,19.23333333333333,31.6,2.2333333333333334,-0.0132358060575019,-0.0510939787054661,-0.0297916887513451,-0.0133281867820775,-0.0392395661986723,-0.0087243208698104,9.238072457562128e-05,-0.0118544125067937,-0.0210673678815347,"MLX — 2025-06-26 — Peg Perego recalls Tatamia 3-in-1 Recliners, Swings and High Chairs due to risk of suffocation; violations of multiple federal standards."
PTON,2023-05-11,Peloton recalls two million exercise bikes due to fall and injury hazards.,39.66666666666666,36.5,42.5,9.933333333333334,-0.1168338095748831,-0.0643573142921332,-0.0498756586864452,-0.0069693697798565,-0.0170812933593349,-0.0007248065988524,-0.1098644397950265,-0.0472760209327982,-0.0491508520875928,PTON — 2023-05-11 — Peloton recalls two million exercise bikes due to fall and injury hazards.
PEP,2018-10-14,PepsiCo recalls Tropicana Trop50 Multi-Vitamin juice containers and its drink due to a parts failure in the manufacturing process; earlier recalled Pepsi 16.9-ounce bottles.,71.16666666666667,63.1,74.33333333333333,60.833333333333336,-0.0077166976720122,0.055425925201887,0.1186400068151705,0.0033917490641297,-0.0056485607064637,-0.0201173262672804,-0.0111084467361419,0.0610744859083508,0.1387573330824509,PEP — 2018-10-14 — PepsiCo recalls Tropicana Trop50 Multi-Vitamin juice containers and its drink due to a parts failure in the manufacturing process; earlier recalled Pepsi 16.9-ounce bottles.
PFE,2005-04-07,"Pfizer withdraws COX-2 inhibitor drug Bextra from the market due to serious cardiovascular risks and severe skin reactions, following FDA recommendations.",34.833333333333336,23.73333333333333,48.0,9.433333333333334,-0.0110439559048767,0.058674298576181,0.0808802613343097,-0.0117027077893111,-0.0274822861485845,-0.0028919291846814,0.0006587518844344,0.0861565847247655,0.0837721905189911,"PFE — 2005-04-07 — Pfizer withdraws COX-2 inhibitor drug Bextra from the market due to serious cardiovascular risks and severe skin reactions, following FDA recommendations."
PHG,2025-03-03,Philips removes Tack Endovascular System due to user challenge.,42.0,49.16666666666666,48.5,16.066666666666666,0.0338629693312583,0.060356813597508,-0.0509169936715419,-0.0002955723246439,-0.0053956815182147,0.0188198248185752,0.0341585416559022,0.0657524951157227,-0.0697368184901171,PHG — 2025-03-03 — Philips removes Tack Endovascular System due to user challenge.
PPC,2016-04-01,"Pilgrim's Pride recalls more than 4.5 million pounds of fully cooked chicken products due to contamination with wood, metal, plastic, and rubber fragments.",21.83333333333333,15.666666666666666,27.4,1.933333333333333,0.019269784778178,0.041764104616672,0.124518300694301,-0.0137265130723118,-0.0476130189528514,-0.0062434493921816,0.0329962978504899,0.0893771235695234,0.1307617500864827,"PPC — 2016-04-01 — Pilgrim's Pride recalls more than 4.5 million pounds of fully cooked chicken products due to contamination with wood, metal, plastic, and rubber fragments."
GIS,2013-09-01,Pillsbury Company (a brand of General Mills) recalls Cinnamon Rolls due to plastic pieces found in the cinnamon rolls.,68.1,64.33333333333333,73.33333333333333,51.5,-0.0113366178547181,-0.0410921687440739,-0.0421340840651049,0.0040707300143749,0.0027579734972149,-0.0070790049324591,-0.0154073478690931,-0.0438501422412888,-0.0350550791326458,GIS — 2013-09-01 — Pillsbury Company (a brand of General Mills) recalls Cinnamon Rolls due to plastic pieces found in the cinnamon rolls.
PBH,2014-04-01,"Playtex (a brand of Hanesbrands) recalls 305,000 infant carriers due to the risk of a fall hazard.",43.833333333333336,56.0,61.833333333333336,14.9,0.0268360840765395,-0.0126653959004878,0.2097280380783962,0.0033404426469367,0.0124444165616748,0.0427963386496747,0.0234956414296027,-0.0251098124621626,0.1669316994287215,"PBH — 2014-04-01 — Playtex (a brand of Hanesbrands) recalls 305,000 infant carriers due to the risk of a fall hazard."
PG,2024-04-05,"Procter & Gamble recalls 8.2 million defective bags of Tide, Gain, Ace, and Ariel Laundry Detergent Packets distributed in the US due to risk of serious injury.",50.5,59.833333333333336,70.5,37.0,0.0009238501694106,-0.0099003052413214,0.0560315705731006,0.0057571774346222,0.003344165031059,0.0323581147142581,-0.0048333272652115,-0.0132444702723804,0.0236734558588424,"PG — 2024-04-05 — Procter & Gamble recalls 8.2 million defective bags of Tide, Gain, Ace, and Ariel Laundry Detergent Packets distributed in the US due to risk of serious injury."
MLX,2024-06-27,Prophet Premium Blends (supplier to various food companies) recalls Diamond Shruumz Products because of possible health risk.,32.666666666666664,29.0,29.1,2.066666666666667,0.0016039001593338,-0.0186686093371106,0.0222514838944655,-0.0101606799306897,-0.0289098764854967,-0.0086598576272421,0.0117645800900236,0.010241267148386,0.0309113415217076,MLX — 2024-06-27 — Prophet Premium Blends (supplier to various food companies) recalls Diamond Shruumz Products because of possible health risk.
COST,2022-05-01,Raspberries recalled due to Norovirus by various brands sold at Costco (COST) and other retailers.,72.0,75.1,81.33333333333333,76.66666666666667,-0.0349610359770556,-0.0566042174493478,-0.027899688086277,0.0111293220252386,-0.0040172017272126,-0.00170418498395,-0.0460903580022943,-0.0525870157221352,-0.026195503102327,COST — 2022-05-01 — Raspberries recalled due to Norovirus by various brands sold at Costco (COST) and other retailers.
MLX,2023-04-05,Revolution Farms (supplier to various food companies) announces the voluntary recall of lettuce and salad kits because of possible health risk as a result of supplier Element Farms Recall.,49.0,58.0,57.833333333333336,16.966666666666665,0.0047101795201308,-0.0235079658892979,-0.0223421666487392,0.0026983544405438,0.0117674037239148,0.0274457166014819,0.002011825079587,-0.0352753696132128,-0.0497878832502211,MLX — 2023-04-05 — Revolution Farms (supplier to various food companies) announces the voluntary recall of lettuce and salad kits because of possible health risk as a result of supplier Element Farms Recall.
MLX,2024-02-05,"Rizo-López Foods, Inc. (supplier to various food companies) voluntarily recalls dairy products because of possible health risk.",46.16666666666666,41.833333333333336,47.03333333333333,10.166666666666666,-0.009808519377806,-0.0198018921264598,-0.0368139057331103,-0.0059641915439841,-0.006249866148606,-0.0022845738551306,-0.0038443278338219,-0.0135520259778538,-0.0345293318779797,"MLX — 2024-02-05 — Rizo-López Foods, Inc. (supplier to various food companies) voluntarily recalls dairy products because of possible health risk."
MLX,2025-03-20,Sensio recalls Steam Espresso Machines due to burn and laceration hazards.,42.5,41.5,45.53333333333333,8.733333333333333,-0.0094382558632455,-0.0099572922823827,0.0041904145621559,-0.0052161569780155,-0.0077009517659191,0.0049887770725335,-0.0042220988852299,-0.0022563405164635,-0.0007983625103775,MLX — 2025-03-20 — Sensio recalls Steam Espresso Machines due to burn and laceration hazards.
KO,2021-11-16,"Several flavors of Country Time, Tang, Arizona Tea, and Kool-Aid powders (distributed by Kraft Heinz KHC, and Coca-Cola KO) are recalled due to the possibility of containing metal or glass, sold at various retailers.",64.33333333333333,65.16666666666667,76.0,62.5,-0.0136550215053034,-0.0242507005534585,0.05196595685101,0.0068259588539624,-0.00684805196687,0.0012145770931864,-0.0204809803592658,-0.0174026485865885,0.0507513797578235,"KO — 2021-11-16 — Several flavors of Country Time, Tang, Arizona Tea, and Kool-Aid powders (distributed by Kraft Heinz KHC, and Coca-Cola KO) are recalled due to the possibility of containing metal or glass, sold at various retailers."
SNBR,2025-05-01,"SharkNinja recalls 1.8 million Foodi Multi-Function Pressure Cookers due to burn hazard, with serious burn injuries reported.",26.33333333333333,20.966666666666665,33.36666666666667,4.4,-0.0770648004299311,0.0731871267768649,0.0035174179454796,-0.0118267614620445,-0.038822305182374,-0.002326105731041,-0.0652380389678865,0.1120094319592389,0.0058435236765206,"SNBR — 2025-05-01 — SharkNinja recalls 1.8 million Foodi Multi-Function Pressure Cookers due to burn hazard, with serious burn injuries reported."
SNAP,2024-02-01,Snap recalls Lithium-Ion Battery Sold for Pixy Flying Cameras due to fire hazard.,49.333333333333336,45.333333333333336,57.0,14.133333333333333,0.0308075329131395,-0.3186720387931611,-0.3487582814513289,-0.0041894611198896,0.0014912766403868,0.0061306745180958,0.0349969940330292,-0.3201633154335479,-0.3548889559694248,SNAP — 2024-02-01 — Snap recalls Lithium-Ion Battery Sold for Pixy Flying Cameras due to fire hazard.
SONY,2008-09-01,"Sony recalls 440,000 VAIO type T TZ series notebooks produced between May 2007 and July 2008 due to excessive heat production.",62.66666666666666,64.66666666666667,66.83333333333333,42.333333333333336,-0.0064462508937891,-0.0458248146094749,-0.1029050627932767,0.0047032431602292,0.0053682451048266,0.0033311345822412,-0.0111494940540184,-0.0511930597143016,-0.1062361973755179,"SONY — 2008-09-01 — Sony recalls 440,000 VAIO type T TZ series notebooks produced between May 2007 and July 2008 due to excessive heat production."
SWK,2023-04-20,"Stanley Black & Decker recalls 2.2 million DeWALT, Stanley, and Craftsman Fiberglass Sledgehammers due to an impact injury hazard.",63.66666666666666,62.43333333333333,71.0,35.166666666666664,-0.0064969839764259,0.0390972149454321,-0.0045549106265895,0.0028578255820557,0.0134091016074586,0.0060335112983159,-0.0093548095584817,0.0256881133379734,-0.0105884219249054,"SWK — 2023-04-20 — Stanley Black & Decker recalls 2.2 million DeWALT, Stanley, and Craftsman Fiberglass Sledgehammers due to an impact injury hazard."
COST,2023-03-18,"Strawberry products sold at Costco, ALDI (privately held), Trader Joe's, KeHE, Vital Choice Seafood, and PCC Community Markets stores are recalled due to hepatitis A concerns.",65.0,73.3,76.26666666666667,71.0,-0.0035247492052639,0.0081071551802553,-0.0293352112599748,0.0115623932777751,-0.0065979724274787,0.0090129988032198,-0.015087142483039,0.0147051276077341,-0.0383482100631947,"COST — 2023-03-18 — Strawberry products sold at Costco, ALDI (privately held), Trader Joe's, KeHE, Vital Choice Seafood, and PCC Community Markets stores are recalled due to hepatitis A concerns."
MLX,2024-11-27,"Sunfed Produce, LLC (supplier to various food companies) recalls whole fresh American cucumbers because of possible health risks due to Salmonella.",52.66666666666666,47.0,53.833333333333336,7.8,-0.0075285531190055,-0.02109854039809,0.0332491763428471,-0.0051403514546505,0.0085104175415033,2.381440719995999e-05,-0.002388201664355,-0.0296089579395933,0.0332253619356472,"MLX — 2024-11-27 — Sunfed Produce, LLC (supplier to various food companies) recalls whole fresh American cucumbers because of possible health risks due to Salmonella."
TTI,2025-07-31,TTI Consumer Power Tools recalls RIDGID Framing Nailers due to laceration hazard.,54.833333333333336,56.833333333333336,64.0,26.8,0.0345533489294725,0.0562315415232221,0.1401742861855723,0.0015552012728111,0.0076105314683065,0.0139286516667095,0.0329981476566614,0.0486210100549156,0.1262456345188628,TTI — 2025-07-31 — TTI Consumer Power Tools recalls RIDGID Framing Nailers due to laceration hazard.
TTI,2025-06-12,TTI Outdoor Power Equipment recalls RYOBI 40-Volt 24-Inch Cordless Hedge Trimmers due to laceration hazard.,51.0,49.66666666666666,62.66666666666666,28.866666666666667,0.1211062461136979,0.2397354815697008,0.0189436168123476,-0.0008124190908083,-0.0040103107757285,0.008755247893333,0.1219186652045063,0.2437457923454293,0.0101883689190146,TTI — 2025-06-12 — TTI Outdoor Power Equipment recalls RYOBI 40-Volt 24-Inch Cordless Hedge Trimmers due to laceration hazard.
TTI,2025-08-28,TTI Outdoor Power Equipment recalls RYOBI Pressure Washers due to projectile hazard; risk of serious injury.,42.333333333333336,40.0,57.16666666666666,17.466666666666665,0.0479935939397939,0.0474255088683737,0.1478567390391706,-0.0044285895012225,-0.0097968820188952,0.0129412866986194,0.0524221834410165,0.0572223908872689,0.1349154523405512,TTI — 2025-08-28 — TTI Outdoor Power Equipment recalls RYOBI Pressure Washers due to projectile hazard; risk of serious injury.
TGT,2021-01-04,"Target recalls 181,000 Cat and Jack children's swimsuits due to snaps breaking, posing a choking hazard.",66.33333333333333,66.83333333333333,72.0,49.0,0.0381304311426705,0.0859432019174695,-0.0167226115996681,0.0055905892033732,0.0060533501671601,0.0009789610183338,0.0325398419392973,0.0798898517503094,-0.0177015726180019,"TGT — 2021-01-04 — Target recalls 181,000 Cat and Jack children's swimsuits due to snaps breaking, posing a choking hazard."
TGT,2022-12-22,"Target recalls Children’s Pillowfort Weighted Blankets due to asphyxiation hazard, following two reported fatalities.",25.73333333333333,30.666666666666668,22.433333333333334,1.1333333333333333,-0.0068577534622,0.0209186171386805,0.1014590944513961,-0.0076458424400694,-0.0337331530991041,0.0032158215532336,0.0007880889778694,0.0546517702377847,0.0982432728981624,"TGT — 2022-12-22 — Target recalls Children’s Pillowfort Weighted Blankets due to asphyxiation hazard, following two reported fatalities."
TGT,2020-07-23,"Target recalls Manhattan Teether toy due to risks of a choking hazard, advising customers to return it for a full refund.",72.33333333333333,73.83333333333333,75.16666666666667,72.16666666666667,0.0419228307900296,0.0172884118566437,0.1225280567905688,0.0095931036552508,-0.0049848077003118,-0.0099873227129688,0.0323297271347788,0.0222732195569556,0.1325153795035377,"TGT — 2020-07-23 — Target recalls Manhattan Teether toy due to risks of a choking hazard, advising customers to return it for a full refund."
TSLA,2023-03-31,"Tesla issues a major recall of its electric Semi trucks because the parking brake may not engage when applied, potentially causing accidents.",47.833333333333336,50.66666666666666,65.66666666666667,30.966666666666665,-0.0154261366582099,-0.066600803064594,-0.1438825336616714,0.0010572569087975,-0.0042901942515614,0.020805004853218,-0.0164833935670074,-0.0623106088130326,-0.1646875385148895,"TSLA — 2023-03-31 — Tesla issues a major recall of its electric Semi trucks because the parking brake may not engage when applied, potentially causing accidents."
AAPL,2015-06-03,"The Beats Pill XL speaker (a product of Beats by Dr. Dre, a subsidiary of Apple Inc.) is recalled due to fire hazard.",69.5,70.0,75.33333333333333,66.33333333333333,-0.0015397941987399,-0.0148287986957762,-0.0150959248751764,0.0079967272732903,-0.0041408318926069,-0.0062133995779331,-0.0095365214720302,-0.0106879668031692,-0.0088825252972432,"AAPL — 2015-06-03 — The Beats Pill XL speaker (a product of Beats by Dr. Dre, a subsidiary of Apple Inc.) is recalled due to fire hazard."
KO,2021-12-10,"The Coca-Cola Company recalls Minute Maid products due to the potential presence of foreign matter, specifically metal bolts or washers.",66.66666666666667,66.16666666666667,72.83333333333333,47.833333333333336,0.0564037137074386,0.0440910787581686,0.0952272034063986,0.0050916659650784,0.0072364078798618,0.0006947184611433,0.0513120477423601,0.0368546708783068,0.0945324849452553,"KO — 2021-12-10 — The Coca-Cola Company recalls Minute Maid products due to the potential presence of foreign matter, specifically metal bolts or washers."
TRU,2021-04-14,"The FDA issues a recall on all of Trader Joe's Restaurant Style White Corn Tortilla Chips, produced by Snak King, due to possible contamination of undeclared dairy.",68.5,65.5,74.16666666666667,28.83333333333333,-0.0246613095632278,0.0026267232793119,0.1111495373639339,0.0025446860092628,0.0267798929020008,0.006449302676331,-0.0272059955724907,-0.0241531696226889,0.1047002346876029,"TRU — 2021-04-14 — The FDA issues a recall on all of Trader Joe's Restaurant Style White Corn Tortilla Chips, produced by Snak King, due to possible contamination of undeclared dairy."
VWAGY,2021-09-01,"The KBA (German Federal Motor Transport Authority) orders a recall of about 200,000 Volkswagen T6.1 transporters, multivans, caravelles, and California campervans built between 2019 and 2021 due to penetrating water impairing the door locking mechanism, posing a risk of unexpected opening while driving.",60.766666666666666,62.0,64.0,29.0,0.0325576191652052,-0.0078635141551813,-0.0451362594314576,0.0025512434075667,0.0130129087358659,0.0068385515136629,0.0300063757576385,-0.0208764228910473,-0.0519748109451205,"VWAGY — 2021-09-01 — The KBA (German Federal Motor Transport Authority) orders a recall of about 200,000 Volkswagen T6.1 transporters, multivans, caravelles, and California campervans built between 2019 and 2021 due to penetrating water impairing the door locking mechanism, posing a risk of unexpected opening while driving."
UL,2022-12-01,The Laundress (a Unilever brand) recalls laundry detergent and household cleaning products due to risk of exposure to bacteria.,45.16666666666666,47.5,54.66666666666666,10.833333333333334,0.0118416648801975,0.0300035955557831,0.0030335577941617,-0.0022274818548951,0.0035748875766735,0.0186663290019246,0.0140691467350926,0.0264287079791095,-0.0156327712077629,UL — 2022-12-01 — The Laundress (a Unilever brand) recalls laundry detergent and household cleaning products due to risk of exposure to bacteria.
MAT,2007-06-01,The Thomas and Friends Wooden Railway toys are recalled due to lead poisoning risks from paint used on train cars and locomotives.,32.0,28.666666666666668,26.433333333333334,2.6,-0.000122197762393,-0.0762569614129746,-0.0185738523310545,-0.010239104044267,-0.0318642248888575,-0.0111693423803704,0.0101169062818739,-0.0443927365241171,-0.007404509950684,MAT — 2007-06-01 — The Thomas and Friends Wooden Railway toys are recalled due to lead poisoning risks from paint used on train cars and locomotives.
TM,2011-03-01,"Toyota Motor Corp recalls about 22,000 sport utility vehicles and pickup trucks over tire-deflation monitoring systems that could cause failure.",67.93333333333334,50.333333333333336,71.5,54.66666666666666,0.0064163234382372,-0.0125856714939557,-0.1527608263683567,-0.0028622447729236,-0.0155916742426266,-0.0336724726233294,0.0092785682111609,0.0030060027486709,-0.1190883537450273,"TM — 2011-03-01 — Toyota Motor Corp recalls about 22,000 sport utility vehicles and pickup trucks over tire-deflation monitoring systems that could cause failure."
TM,2010-01-01,Toyota recalls several million vehicles globally due to faulty throttle pedals that may cause runaway acceleration and faulty software that may delay braking.,33.5,33.666666666666664,50.16666666666666,12.733333333333333,-0.0165373414539192,0.0029221709729162,-0.0918745180944551,-0.005777699349056,-0.0198719186215978,0.0177756503954513,-0.0107596421048631,0.0227940895945141,-0.1096501684899064,TM — 2010-01-01 — Toyota recalls several million vehicles globally due to faulty throttle pedals that may cause runaway acceleration and faulty software that may delay braking.
BBBY,2013-03-01,"Toys ""R"" Us (now defunct, but publicly traded at the time, also sold products from BELL) recalls Bell cycling helmets due to faulty strap buckles that could pose a head injury risk.",64.0,63.43333333333333,71.33333333333333,34.833333333333336,0.0085210828035369,-0.0297427868761317,-0.0440818537212687,0.0032558205475779,0.0150938440722323,0.0074539356938398,0.0052652622559589,-0.044836630948364,-0.0515357894151085,"BBBY — 2013-03-01 — Toys ""R"" Us (now defunct, but publicly traded at the time, also sold products from BELL) recalls Bell cycling helmets due to faulty strap buckles that could pose a head injury risk."
BBBY,2014-12-01,"Toys ""R"" Us recalls 19,000 Koala children's sandals with butterfly wings due to the risk of a choking hazard.",71.33333333333333,65.0,75.43333333333334,20.466666666666665,-0.0063800030426032,0.0288852395908659,-0.0706081055764955,0.0007292995854288,0.0364695474151212,0.0045373571986608,-0.007109302628032,-0.0075843078242552,-0.0751454627751563,"BBBY — 2014-12-01 — Toys ""R"" Us recalls 19,000 Koala children's sandals with butterfly wings due to the risk of a choking hazard."
LOW,2023-11-09,"Twin-Star International recalls Infrared Quartz Electric Fireplaces due to fire hazard, sold exclusively at Lowe’s.",60.5,64.0,71.5,38.833333333333336,-0.007970241267872,0.0043590122352823,0.0687192298475082,0.0050056451385206,0.0104468598435669,0.0151113824807448,-0.0129758864063926,-0.0060878476082845,0.0536078473667633,"LOW — 2023-11-09 — Twin-Star International recalls Infrared Quartz Electric Fireplaces due to fire hazard, sold exclusively at Lowe’s."
TSN,2011-12-01,"Tyson Fresh Meats (part of Tyson Foods) recalls 40,000 pounds of 80/20 Ground Beef Chuck in sixteen states after a sample tested positive for Escherichia coli at its Nebraska plant.",51.5,47.5,64.0,25.8,-0.0167194307714375,-0.0125906852925292,-0.0660359102298769,-0.002271295826824,-0.0020541949839952,0.0071774231450669,-0.0144481349446135,-0.010536490308534,-0.0732133333749439,"TSN — 2011-12-01 — Tyson Fresh Meats (part of Tyson Foods) recalls 40,000 pounds of 80/20 Ground Beef Chuck in sixteen states after a sample tested positive for Escherichia coli at its Nebraska plant."
JNJ,2021-04-01,U.S. officials recall and suspend the use of the Johnson & Johnson coronavirus vaccine due to blood clots reported in women who received the vaccine.,31.4,31.666666666666668,40.86666666666667,8.466666666666667,-0.0394497015821914,-0.0607030107543372,0.0169399902857804,-0.007103323439693,-0.0249366954518743,0.0102118724462623,-0.0323463781424983,-0.0357663153024629,0.006728117839518,JNJ — 2021-04-01 — U.S. officials recall and suspend the use of the Johnson & Johnson coronavirus vaccine due to blood clots reported in women who received the vaccine.
UL,2023-03-31,"Unilever issues a recall for over 800,000 units of Laundress fabric conditioner over a carcinogen hazard.",37.66666666666666,36.66666666666666,44.7,5.8,-0.0035959053050588,0.0029172950695719,0.0159428891799965,-0.0065011486080147,-0.0121815761582732,0.009278332715132,0.0029052433029559,0.0150988712278452,0.0066645564648644,"UL — 2023-03-31 — Unilever issues a recall for over 800,000 units of Laundress fabric conditioner over a carcinogen hazard."
MLX,2025-07-17,VIVI E-Bikes Lithium-ion Batteries sold with VIVI E-Bikes recalled due to fire and burn hazards; risk of serious injury or death.,18.83333333333333,14.566666666666666,20.166666666666668,1.5333333333333334,-0.0084769386175526,-0.0164748313219463,-0.0312507611687293,-0.0138358267846077,-0.0545026483766596,-0.0095214663729379,0.0053588881670551,0.0380278170547133,-0.0217292947957914,MLX — 2025-07-17 — VIVI E-Bikes Lithium-ion Batteries sold with VIVI E-Bikes recalled due to fire and burn hazards; risk of serious injury or death.
WMT,2021-07-01,"Various branded muffin names from Give and Go Prepared Foods Corporation, sold at retailers including Walmart, 7-Eleven, Sam's Club, BJ's Wholesale Club, and Stop & Shop, are recalled for possible listeria contamination.",68.5,69.16666666666667,75.33333333333333,64.33333333333333,0.0066595126904579,-0.0075134051185858,0.0417647010862073,0.0077007068742888,-0.0034237038338784,-0.0041269018974541,-0.0010411941838308,-0.0040897012847074,0.0458916029836614,"WMT — 2021-07-01 — Various branded muffin names from Give and Go Prepared Foods Corporation, sold at retailers including Walmart, 7-Eleven, Sam's Club, BJ's Wholesale Club, and Stop & Shop, are recalled for possible listeria contamination."
ODP,2025-01-16,Veyer (supplier for Office Depot) recalls WorkPro Office Chairs due to fall hazard.,63.333333333333336,59.333333333333336,64.83333333333333,25.83333333333333,-0.0023044175264614,-0.0331254299260066,-0.4541532786064139,0.0001544466717995,0.0150645886826435,-0.0011852109294563,-0.002458864198261,-0.0481900186086502,-0.4529680676769576,ODP — 2025-01-16 — Veyer (supplier for Office Depot) recalls WorkPro Office Chairs due to fall hazard.
WMT,2014-04-01,"Walmart recalls 174,000 My Sweet Love Cuddle Care baby dolls due to the risk of a burn hazard.",63.833333333333336,66.0,74.33333333333333,45.333333333333336,-0.0025020936999733,0.0254782432449277,0.0225132480067015,0.0057532976960125,0.0093910139890555,0.0104814175724162,-0.0082553913959858,0.0160872292558722,0.0120318304342853,"WMT — 2014-04-01 — Walmart recalls 174,000 My Sweet Love Cuddle Care baby dolls due to the risk of a burn hazard."
WMT,2021-10-01,"Walmart recalls The Better Homes & Gardens Lavender & Chamomile Essential Oil Infused Aromatherapy Room Spray with Gemstones after a product sample tested positive for Burkholderia pseudomallei, a deadly bacterial infection resulting in 2 deaths.",34.333333333333336,37.333333333333336,54.03333333333333,2.933333333333333,-0.0204919578682192,-0.0067734732367744,0.0040719345334411,-0.004810887883747,-0.0036629684812718,0.0315915280976517,-0.0156810699844721,-0.0031105047555026,-0.0275195935642106,"WMT — 2021-10-01 — Walmart recalls The Better Homes & Gardens Lavender & Chamomile Essential Oil Infused Aromatherapy Room Spray with Gemstones after a product sample tested positive for Burkholderia pseudomallei, a deadly bacterial infection resulting in 2 deaths."
MLX,2025-08-14,Werner recalls 20’ and 24’ Multi-Max Pro Multi-Purpose Ladders due to fall hazard.,39.833333333333336,57.66666666666666,61.16666666666666,14.633333333333333,-0.0006360345864682,0.0029173745403827,-0.0301265823137673,0.0053713541015022,0.0122817360225062,0.0546275682127592,-0.0060073886879704,-0.0093643614821235,-0.0847541505265265,MLX — 2025-08-14 — Werner recalls 20’ and 24’ Multi-Max Pro Multi-Purpose Ladders due to fall hazard.
WHR,2019-12-18,Whirlpool announces a second recall for Hotpoint and Indesit washing machines manufactured between 2014 and 2018 because of a faulty door lock which can overheat and create a risk of fire.,46.16666666666666,43.833333333333336,53.66666666666666,19.266666666666666,-0.0395537910171861,-0.0642191848306265,-0.0065031323508788,-0.0037121317281302,-0.0085870286226511,0.0046322454966395,-0.0358416592890559,-0.0556321562079753,-0.0111353778475183,WHR — 2019-12-18 — Whirlpool announces a second recall for Hotpoint and Indesit washing machines manufactured between 2014 and 2018 because of a faulty door lock which can overheat and create a risk of fire.
WMT,2023-06-12,"Willamette Valley Fruit Co. (supplier to various food companies, including Walmart WMT) recalls Great Value Sliced Strawberries, Mixed Fruit, Antioxidant Blend, Rader Farms Organic Fresh Start Smoothie Blend, and Organic Berry Trio due to possible health risk.",66.66666666666667,68.43333333333334,75.0,58.16666666666666,0.0030288206144797,0.0048320694407808,-0.0248127561158446,0.0073177684060928,0.000893071354564,0.0018682308905437,-0.004288947791613,0.0039389980862168,-0.0266809870063884,"WMT — 2023-06-12 — Willamette Valley Fruit Co. (supplier to various food companies, including Walmart WMT) recalls Great Value Sliced Strawberries, Mixed Fruit, Antioxidant Blend, Rader Farms Organic Fresh Start Smoothie Blend, and Organic Berry Trio due to possible health risk."
MLX,2023-09-15,"Wisconsin-based Green Bay Dressed Beef (supplier to various food companies) recalls over 58,000 ground beef products in several states over concerns of E. coli contamination.",37.0,38.5,40.86666666666667,4.166666666666667,0.0030084063743804,0.0377049976275905,0.0752584509807847,-0.005739089082452,-0.0116660550466819,0.0099974635864168,0.0087474954568325,0.0493710526742724,0.0652609873943679,"MLX — 2023-09-15 — Wisconsin-based Green Bay Dressed Beef (supplier to various food companies) recalls over 58,000 ground beef products in several states over concerns of E. coli contamination."
CALM,2010-08-01,"Wright County Egg of Galt, Iowa (a major egg producer, often supplying to publicly traded food companies) voluntarily recalls 228 million eggs due to potential salmonella contamination.",42.16666666666666,37.0,50.66666666666666,8.866666666666667,-0.0271117755592128,-0.0815405581028287,-0.0044589017552592,-0.0070867868593374,-0.0089190051659726,0.0046923380031668,-0.0200249886998753,-0.0726215529368561,-0.009151239758426,"CALM — 2010-08-01 — Wright County Egg of Galt, Iowa (a major egg producer, often supplying to publicly traded food companies) voluntarily recalls 228 million eggs due to potential salmonella contamination."
MLX,2025-06-16,Zyno Medical removes certain Z-800 Series Infusion Pumps due to software issue.,53.16666666666666,53.5,56.5,14.766666666666667,0.0102559047732578,-0.009062951844097,-0.0622650635778336,-0.0011787832298348,0.0102125204172958,0.009299412346205,0.0114346880030926,-0.0192754722613928,-0.0715644759240387,MLX — 2025-06-16 — Zyno Medical removes certain Z-800 Series Infusion Pumps due to software issue.
MLX,2025-07-17,iStore Magnetic Wireless Power Banks recalled due to fire and burn hazards; imported by Tomauri.,27.666666666666668,19.73333333333333,33.166666666666664,2.7333333333333334,-0.0084769386175526,-0.0164748313219463,-0.0312507611687293,-0.0130349099077031,-0.0380188238861302,-0.0070196320087375,0.0045579712901504,0.0215439925641838,-0.0242311291599918,MLX — 2025-07-17 — iStore Magnetic Wireless Power Banks recalled due to fire and burn hazards; imported by Tomauri.
